"total_sales","total_profit","profit_percentage"
"10637.527999999998","1927.442","18.119266055045873"
